Date,DP_avg,DP_high,DP_low,Day,H_avg,H_high,H_low,P_avg,P_high,P_low,R_sum,T_avg,T_high,T_low,V_avg,V_high,V_low,W_avg,W_high,W_low,event,Month,Year,Date
2017-01-01,22.0,28.0,16.0,1,41.0,50.0,31.0,30.17,30.44,29.89,0.0,44.0,46.0,41.0,10.0,10.0,10.0,12.0,23.0,5.0,	,Jan,2017,2017-01-01
2017-01-02,34.0,38.0,23.0,2,83.0,96.0,51.0,30.41,30.5,30.26,0.2,38.0,39.0,37.0,7.0,10.0,2.0,15.0,23.0,9.0,Rain,Jan,2017,2017-01-02
2017-01-03,40.0,43.0,38.0,3,98.0,100.0,96.0,29.8,30.27,29.49,0.59,41.0,43.0,39.0,4.0,10.0,2.0,17.0,30.0,12.0,Rain,Jan,2017,2017-01-03
2017-01-04,34.0,42.0,10.0,4,74.0,100.0,30.0,29.52,29.73,29.44,0.0,44.0,52.0,34.0,9.0,10.0,5.0,17.0,31.0,6.0,	,Jan,2017,2017-01-04
2017-01-05,10.0,15.0,7.0,5,42.0,52.0,38.0,29.92,30.0,29.75,0.0,30.0,33.0,27.0,10.0,10.0,10.0,13.0,24.0,8.0,	,Jan,2017,2017-01-05
2017-01-06,18.0,25.0,7.0,6,66.0,92.0,39.0,30.04,30.27,29.92,0.05,29.0,33.0,25.0,6.0,10.0,0.0,10.0,16.0,5.0,"Fog	,Snow",Jan,2017,2017-01-06
2017-01-07,14.0,18.0,4.0,7,67.0,91.0,42.0,30.2,30.32,30.11,0.32,23.0,26.0,20.0,3.0,10.0,0.0,17.0,25.0,8.0,"Fog	,Snow",Jan,2017,2017-01-07
2017-01-08,4.0,8.0,0.0,8,52.0,68.0,35.0,30.34,30.6,30.16,0.0,21.0,25.0,16.0,10.0,10.0,8.0,18.0,30.0,9.0,	,Jan,2017,2017-01-08
2017-01-09,4.0,9.0,0.0,9,52.0,59.0,45.0,30.68,30.76,30.61,0.0,19.0,23.0,14.0,10.0,10.0,10.0,13.0,22.0,5.0,	,Jan,2017,2017-01-09
2017-01-10,22.0,39.0,9.0,10,63.0,82.0,43.0,30.49,30.64,30.19,0.0,34.0,46.0,21.0,10.0,10.0,10.0,14.0,24.0,5.0,	,Jan,2017,2017-01-10
2017-01-11,40.0,45.0,36.0,11,74.0,93.0,54.0,30.24,30.33,30.16,0.52,47.0,52.0,42.0,7.0,10.0,2.0,16.0,33.0,6.0,Rain,Jan,2017,2017-01-11
2017-01-12,50.0,52.0,46.0,12,78.0,93.0,63.0,30.07,30.16,29.97,0.05,57.0,66.0,47.0,10.0,10.0,5.0,16.0,24.0,8.0,Rain,Jan,2017,2017-01-12
2017-01-13,29.0,53.0,13.0,13,55.0,80.0,30.0,30.41,30.69,30.09,0.0,47.0,62.0,32.0,10.0,10.0,10.0,17.0,28.0,7.0,	,Jan,2017,2017-01-13
2017-01-14,23.0,29.0,12.0,14,69.0,92.0,45.0,30.51,30.7,30.31,0.12,31.0,34.0,28.0,5.0,10.0,0.0,9.0,12.0,4.0,"Fog	,Snow",Jan,2017,2017-01-14
2017-01-15,22.0,28.0,19.0,15,67.0,85.0,48.0,30.34,30.41,30.27,0.0,34.0,38.0,30.0,10.0,10.0,8.0,10.0,15.0,4.0,	,Jan,2017,2017-01-15
2017-01-16,21.0,25.0,16.0,16,53.0,63.0,43.0,30.39,30.47,30.28,0.0,37.0,43.0,30.0,10.0,10.0,10.0,13.0,19.0,5.0,	,Jan,2017,2017-01-16
2017-01-17,35.0,38.0,25.0,17,77.0,100.0,54.0,30.13,30.27,29.96,0.35,40.0,42.0,38.0,4.0,10.0,2.0,15.0,20.0,5.0,Rain,Jan,2017,2017-01-17
2017-01-18,37.0,39.0,36.0,18,90.0,100.0,79.0,29.96,30.06,29.87,0.06,40.0,41.0,38.0,8.0,10.0,2.0,14.0,19.0,6.0,Rain,Jan,2017,2017-01-18
2017-01-19,34.0,36.0,32.0,19,71.0,85.0,56.0,30.02,30.07,29.99,0.0,44.0,49.0,39.0,10.0,10.0,10.0,12.0,19.0,4.0,	,Jan,2017,2017-01-19
2017-01-20,36.0,40.0,30.0,20,79.0,93.0,65.0,29.96,30.03,29.92,0.1,43.0,45.0,40.0,8.0,10.0,3.0,10.0,14.0,4.0,Rain,Jan,2017,2017-01-20
2017-01-21,42.0,45.0,40.0,21,90.0,100.0,80.0,29.85,29.94,29.78,0.0,45.0,49.0,41.0,4.0,7.0,1.0,12.0,18.0,4.0,	,Jan,2017,2017-01-21
2017-01-22,43.0,45.0,40.0,22,91.0,100.0,82.0,29.75,29.83,29.68,0.05,46.0,48.0,43.0,4.0,10.0,0.0,21.0,33.0,7.0,"Fog	,Rain",Jan,2017,2017-01-22
2017-01-23,35.0,40.0,30.0,23,85.0,100.0,70.0,29.72,29.85,29.46,1.16,40.0,44.0,36.0,8.0,10.0,2.0,33.0,47.0,18.0,Rain,Jan,2017,2017-01-23
2017-01-24,35.0,36.0,30.0,24,93.0,100.0,85.0,29.38,29.47,29.31,1.18,37.0,38.0,35.0,5.0,10.0,1.0,24.0,36.0,10.0,Rain,Jan,2017,2017-01-24
2017-01-25,30.0,34.0,27.0,25,63.0,76.0,50.0,29.6,29.67,29.49,0.0,44.0,51.0,36.0,10.0,10.0,10.0,18.0,26.0,7.0,	,Jan,2017,2017-01-25
2017-01-26,33.0,43.0,25.0,26,61.0,80.0,42.0,29.45,29.57,29.33,0.02,50.0,56.0,43.0,10.0,10.0,6.0,21.0,38.0,7.0,Rain,Jan,2017,2017-01-26
2017-01-27,24.0,27.0,19.0,27,47.0,55.0,39.0,29.62,29.66,29.57,0.0,40.0,43.0,36.0,10.0,10.0,10.0,18.0,33.0,9.0,	,Jan,2017,2017-01-27
2017-01-28,20.0,23.0,19.0,28,52.0,59.0,44.0,29.68,29.75,29.63,0.0,37.0,39.0,34.0,10.0,10.0,10.0,16.0,27.0,8.0,	,Jan,2017,2017-01-28
2017-01-29,18.0,24.0,11.0,29,43.0,59.0,27.0,29.71,29.73,29.66,0.0,39.0,43.0,35.0,10.0,10.0,10.0,15.0,24.0,6.0,	,Jan,2017,2017-01-29
2017-01-30,12.0,19.0,7.0,30,46.0,59.0,32.0,29.81,29.97,29.73,0.0,34.0,37.0,30.0,10.0,10.0,10.0,15.0,22.0,6.0,	,Jan,2017,2017-01-30
2017-01-31,22.0,29.0,7.0,31,64.0,92.0,36.0,29.87,30.01,29.75,0.06,30.0,34.0,26.0,5.0,10.0,0.0,12.0,15.0,4.0,"Fog	,Snow",Jan,2017,2017-01-31
2017-02-01,26.0,29.0,23.0,1,60.0,82.0,38.0,29.93,30.04,29.84,0.0,40.0,47.0,33.0,10.0,10.0,7.0,16.0,26.0,6.0,	,Feb,2017,2017-02-01
2017-02-02,20.0,27.0,14.0,2,46.0,64.0,28.0,30.08,30.19,30.01,0.0,39.0,45.0,32.0,10.0,10.0,10.0,16.0,28.0,5.0,	,Feb,2017,2017-02-02
2017-02-03,9.0,11.0,4.0,3,39.0,46.0,31.0,30.18,30.25,30.09,0.0,30.0,33.0,26.0,10.0,10.0,10.0,17.0,29.0,7.0,	,Feb,2017,2017-02-03
2017-02-04,5.0,8.0,2.0,4,38.0,47.0,28.0,30.31,30.4,30.23,0.0,28.0,34.0,22.0,10.0,10.0,10.0,16.0,26.0,8.0,	,Feb,2017,2017-02-04
2017-02-05,17.0,22.0,8.0,5,44.0,52.0,36.0,29.99,30.24,29.83,0.0,37.0,43.0,31.0,10.0,10.0,10.0,16.0,28.0,7.0,	,Feb,2017,2017-02-05
2017-02-06,24.0,34.0,16.0,6,51.0,70.0,31.0,30.05,30.15,29.93,0.0,43.0,49.0,36.0,10.0,10.0,8.0,13.0,20.0,5.0,	,Feb,2017,2017-02-06
2017-02-07,36.0,38.0,33.0,7,85.0,100.0,70.0,29.87,29.99,29.6,0.27,39.0,42.0,36.0,3.0,9.0,0.0,15.0,20.0,7.0,"Fog	,Rain",Feb,2017,2017-02-07
2017-02-08,38.0,47.0,29.0,8,73.0,100.0,46.0,29.61,29.73,29.53,0.03,50.0,62.0,38.0,6.0,10.0,1.0,13.0,17.0,5.0,Rain,Feb,2017,2017-02-08
2017-02-09,21.0,30.0,0.0,9,71.0,100.0,41.0,29.65,30.08,29.53,1.16,32.0,44.0,19.0,4.0,10.0,0.0,23.0,36.0,12.0,"Fog	,Snow",Feb,2017,2017-02-09
2017-02-10,10.0,19.0,4.0,10,46.0,56.0,36.0,30.17,30.23,30.09,,26.0,32.0,19.0,9.0,10.0,2.0,16.0,31.0,9.0,Snow,Feb,2017,2017-02-10
2017-02-11,24.0,28.0,18.0,11,54.0,69.0,38.0,29.98,30.1,29.88,0.0,39.0,48.0,30.0,10.0,10.0,9.0,13.0,20.0,4.0,	,Feb,2017,2017-02-11
2017-02-12,30.0,34.0,25.0,12,82.0,100.0,64.0,29.87,30.12,29.59,0.46,35.0,40.0,30.0,5.0,10.0,2.0,17.0,23.0,7.0,"Rain	,Snow",Feb,2017,2017-02-12
2017-02-13,23.0,34.0,16.0,13,70.0,92.0,47.0,29.77,29.98,29.58,0.02,35.0,39.0,31.0,10.0,10.0,6.0,28.0,48.0,12.0,Rain,Feb,2017,2017-02-13
2017-02-14,21.0,29.0,17.0,14,56.0,64.0,48.0,29.87,29.99,29.73,0.0,35.0,41.0,28.0,10.0,10.0,10.0,13.0,20.0,5.0,	,Feb,2017,2017-02-14
2017-02-15,30.0,33.0,24.0,15,68.0,82.0,53.0,29.46,29.69,29.3,,41.0,47.0,35.0,10.0,10.0,7.0,18.0,29.0,7.0,	,Feb,2017,2017-02-15
2017-02-16,16.0,24.0,13.0,16,54.0,64.0,43.0,29.61,29.79,29.46,0.0,32.0,35.0,28.0,10.0,10.0,10.0,17.0,29.0,11.0,	,Feb,2017,2017-02-16
2017-02-17,15.0,15.0,13.0,17,41.0,63.0,19.0,29.85,29.91,29.8,0.0,34.0,41.0,26.0,10.0,10.0,10.0,16.0,28.0,9.0,	,Feb,2017,2017-02-17
2017-02-18,25.0,33.0,14.0,18,39.0,48.0,30.0,29.76,29.89,29.66,0.0,49.0,63.0,35.0,10.0,10.0,10.0,16.0,28.0,6.0,	,Feb,2017,2017-02-18
2017-02-19,32.0,36.0,28.0,19,35.0,43.0,26.0,29.81,29.98,29.67,0.0,59.0,65.0,53.0,10.0,10.0,10.0,14.0,22.0,6.0,	,Feb,2017,2017-02-19
2017-02-20,22.0,33.0,10.0,20,38.0,58.0,18.0,30.19,30.36,30.0,0.0,47.0,55.0,39.0,10.0,10.0,10.0,18.0,25.0,7.0,	,Feb,2017,2017-02-20
2017-02-21,23.0,32.0,8.0,21,47.0,67.0,27.0,30.29,30.39,30.12,0.0,41.0,47.0,34.0,10.0,10.0,10.0,14.0,22.0,6.0,	,Feb,2017,2017-02-21
2017-02-22,37.0,42.0,33.0,22,59.0,71.0,47.0,29.98,30.09,29.88,0.0,50.0,57.0,42.0,10.0,10.0,8.0,12.0,17.0,3.0,	,Feb,2017,2017-02-22
2017-02-23,47.0,52.0,40.0,23,75.0,86.0,63.0,29.87,29.93,29.8,0.0,55.0,65.0,44.0,8.0,10.0,3.0,13.0,20.0,4.0,	,Feb,2017,2017-02-23
2017-02-24,53.0,56.0,50.0,24,69.0,84.0,53.0,29.89,29.95,29.85,0.0,64.0,70.0,58.0,10.0,10.0,10.0,14.0,21.0,6.0,	,Feb,2017,2017-02-24
2017-02-25,51.0,57.0,34.0,25,88.0,100.0,76.0,29.66,29.87,29.48,0.54,54.0,63.0,44.0,7.0,10.0,0.0,20.0,28.0,7.0,"Fog	,Rain",Feb,2017,2017-02-25
2017-02-26,18.0,32.0,13.0,26,49.0,67.0,30.0,30.0,30.27,29.7,0.0,40.0,44.0,36.0,10.0,10.0,10.0,18.0,29.0,9.0,	,Feb,2017,2017-02-26
2017-02-27,22.0,30.0,16.0,27,39.0,52.0,26.0,30.37,30.43,30.29,0.0,45.0,54.0,35.0,10.0,10.0,10.0,16.0,26.0,6.0,	,Feb,2017,2017-02-27
2017-02-28,43.0,51.0,30.0,28,73.0,96.0,50.0,30.24,30.39,29.99,0.0,53.0,59.0,47.0,10.0,10.0,7.0,10.0,19.0,4.0,	,Feb,2017,2017-02-28
2017-03-01,54.0,59.0,49.0,1,73.0,93.0,53.0,29.67,29.98,29.41,0.12,62.0,70.0,54.0,8.0,10.0,2.0,16.0,30.0,6.0,Rain,Mar,2017,2017-03-01
2017-03-02,20.0,50.0,8.0,2,44.0,60.0,27.0,29.76,30.09,29.41,0.0,50.0,64.0,35.0,10.0,10.0,10.0,26.0,47.0,11.0,	,Mar,2017,2017-03-02
2017-03-03,8.0,14.0,1.0,3,35.0,49.0,21.0,30.24,30.45,30.11,0.0,32.0,39.0,24.0,10.0,10.0,10.0,18.0,35.0,8.0,	,Mar,2017,2017-03-03
2017-03-04,-1.0,5.0,-9.0,4,37.0,49.0,25.0,30.51,30.6,30.45,0.0,24.0,30.0,17.0,10.0,10.0,10.0,20.0,34.0,9.0,	,Mar,2017,2017-03-04
2017-03-05,-7.0,-1.0,-14.0,5,26.0,40.0,12.0,30.58,30.67,30.5,0.0,26.0,37.0,14.0,10.0,10.0,10.0,14.0,23.0,5.0,	,Mar,2017,2017-03-05
2017-03-06,11.0,25.0,-2.0,6,35.0,50.0,20.0,30.48,30.54,30.41,0.0,36.0,45.0,26.0,10.0,10.0,10.0,10.0,16.0,3.0,	,Mar,2017,2017-03-06
2017-03-07,42.0,47.0,27.0,7,71.0,93.0,49.0,30.23,30.41,30.01,0.1,49.0,56.0,42.0,8.0,10.0,4.0,13.0,20.0,4.0,Rain,Mar,2017,2017-03-07
2017-03-08,32.0,52.0,15.0,8,53.0,83.0,22.0,29.94,30.02,29.88,0.02,53.0,59.0,47.0,10.0,10.0,9.0,17.0,31.0,8.0,Rain,Mar,2017,2017-03-08
2017-03-09,17.0,25.0,12.0,9,28.0,39.0,16.0,29.95,29.99,29.9,0.0,54.0,61.0,47.0,10.0,10.0,10.0,23.0,39.0,9.0,	,Mar,2017,2017-03-09
2017-03-10,24.0,32.0,7.0,10,63.0,92.0,34.0,29.87,30.02,29.78,0.31,35.0,47.0,23.0,5.0,10.0,0.0,20.0,33.0,8.0,"Fog	,Snow",Mar,2017,2017-03-10
2017-03-11,3.0,9.0,-3.0,11,44.0,54.0,33.0,30.16,30.26,30.06,0.0,23.0,29.0,17.0,10.0,10.0,10.0,18.0,32.0,10.0,	,Mar,2017,2017-03-11
2017-03-12,2.0,4.0,0.0,12,40.0,49.0,31.0,30.31,30.43,30.26,0.0,24.0,29.0,19.0,10.0,10.0,10.0,17.0,25.0,9.0,	,Mar,2017,2017-03-12
2017-03-13,7.0,22.0,0.0,13,44.0,69.0,24.0,30.42,30.52,30.26,0.0,27.0,36.0,19.0,10.0,10.0,10.0,12.0,18.0,5.0,	,Mar,2017,2017-03-13
2017-03-14,25.0,30.0,8.0,14,79.0,100.0,57.0,29.59,30.22,29.13,1.97,27.0,32.0,21.0,3.0,10.0,0.0,28.0,38.0,14.0,"Fog	,Snow",Mar,2017,2017-03-14
2017-03-15,9.0,14.0,7.0,15,52.0,62.0,42.0,29.63,29.86,29.5,0.0,23.0,26.0,20.0,10.0,10.0,8.0,21.0,35.0,12.0,	,Mar,2017,2017-03-15
2017-03-16,10.0,11.0,8.0,16,41.0,55.0,27.0,29.96,30.12,29.87,0.0,32.0,39.0,24.0,10.0,10.0,10.0,20.0,34.0,8.0,	,Mar,2017,2017-03-16
2017-03-17,14.0,17.0,7.0,17,36.0,53.0,19.0,30.2,30.28,30.13,0.0,38.0,47.0,29.0,10.0,10.0,10.0,15.0,22.0,7.0,	,Mar,2017,2017-03-17
2017-03-18,27.0,33.0,16.0,18,70.0,100.0,40.0,30.18,30.23,30.14,0.08,37.0,39.0,34.0,7.0,10.0,2.0,20.0,27.0,9.0,Snow,Mar,2017,2017-03-18
2017-03-19,21.0,27.0,11.0,19,47.0,70.0,23.0,30.16,30.2,30.11,0.0,41.0,47.0,34.0,10.0,10.0,10.0,18.0,29.0,8.0,	,Mar,2017,2017-03-19
2017-03-20,15.0,22.0,8.0,20,33.0,47.0,18.0,30.08,30.16,29.98,0.0,43.0,52.0,33.0,10.0,10.0,10.0,14.0,22.0,5.0,	,Mar,2017,2017-03-20
2017-03-21,25.0,31.0,21.0,21,40.0,49.0,30.0,29.89,29.98,29.81,0.0,51.0,59.0,42.0,10.0,10.0,10.0,13.0,18.0,4.0,	,Mar,2017,2017-03-21
2017-03-22,6.0,23.0,-5.0,22,32.0,45.0,19.0,30.13,30.45,29.86,0.0,37.0,50.0,24.0,10.0,10.0,10.0,24.0,42.0,12.0,	,Mar,2017,2017-03-22
2017-03-23,2.0,20.0,-3.0,23,33.0,50.0,15.0,30.53,30.61,30.46,0.0,33.0,42.0,23.0,10.0,10.0,10.0,13.0,17.0,5.0,	,Mar,2017,2017-03-23
2017-03-24,25.0,34.0,12.0,24,43.0,52.0,33.0,30.32,30.52,30.11,,47.0,57.0,36.0,10.0,10.0,10.0,15.0,23.0,6.0,	,Mar,2017,2017-03-24
2017-03-25,38.0,41.0,33.0,25,66.0,89.0,42.0,30.22,30.41,30.06,0.01,52.0,62.0,42.0,10.0,10.0,8.0,16.0,24.0,7.0,	,Mar,2017,2017-03-25
2017-03-26,34.0,38.0,30.0,26,81.0,92.0,70.0,30.42,30.49,30.32,0.14,40.0,42.0,37.0,8.0,10.0,2.0,18.0,24.0,8.0,Rain,Mar,2017,2017-03-26
2017-03-27,41.0,46.0,37.0,27,89.0,100.0,77.0,30.11,30.31,29.99,0.26,45.0,53.0,37.0,4.0,8.0,0.0,12.0,17.0,4.0,"Fog	,Rain",Mar,2017,2017-03-27
2017-03-28,42.0,44.0,39.0,28,95.0,100.0,89.0,29.95,30.0,29.87,0.72,44.0,46.0,41.0,4.0,10.0,1.0,14.0,21.0,6.0,Rain,Mar,2017,2017-03-28
2017-03-29,34.0,43.0,22.0,29,61.0,92.0,30.0,30.06,30.23,29.92,0.0,51.0,60.0,42.0,10.0,10.0,4.0,18.0,27.0,8.0,	,Mar,2017,2017-03-29
2017-03-30,24.0,31.0,21.0,30,44.0,58.0,30.0,30.2,30.27,30.13,0.01,45.0,52.0,38.0,10.0,10.0,10.0,15.0,20.0,6.0,	,Mar,2017,2017-03-30
2017-03-31,38.0,39.0,31.0,31,93.0,100.0,85.0,29.95,30.16,29.7,1.51,40.0,43.0,37.0,3.0,9.0,2.0,26.0,41.0,10.0,Rain,Mar,2017,2017-03-31
2017-04-01,35.0,36.0,33.0,1,76.0,92.0,60.0,29.8,30.04,29.65,0.0,43.0,48.0,37.0,8.0,10.0,2.0,26.0,39.0,8.0,	,Apr,2017,2017-04-01
2017-04-02,29.0,35.0,24.0,2,47.0,70.0,23.0,30.08,30.15,30.04,0.0,52.0,63.0,40.0,10.0,10.0,10.0,14.0,24.0,5.0,	,Apr,2017,2017-04-02
2017-04-03,32.0,39.0,28.0,3,45.0,59.0,30.0,30.04,30.13,29.88,0.03,56.0,63.0,48.0,10.0,10.0,9.0,18.0,24.0,5.0,Rain,Apr,2017,2017-04-03
2017-04-04,47.0,51.0,43.0,4,87.0,100.0,74.0,29.67,29.82,29.57,1.18,48.0,51.0,45.0,5.0,10.0,1.0,18.0,25.0,7.0,Rain,Apr,2017,2017-04-04
2017-04-05,44.0,46.0,40.0,5,73.0,100.0,46.0,29.88,29.99,29.75,0.0,55.0,65.0,45.0,6.0,10.0,2.0,14.0,25.0,3.0,	,Apr,2017,2017-04-05
2017-04-06,41.0,47.0,39.0,6,88.0,100.0,76.0,29.58,29.98,29.2,0.73,47.0,53.0,40.0,5.0,10.0,1.0,22.0,30.0,9.0,Rain,Apr,2017,2017-04-06
2017-04-07,33.0,44.0,26.0,7,65.0,80.0,50.0,29.41,29.67,29.29,,46.0,51.0,40.0,10.0,10.0,10.0,17.0,30.0,11.0,	,Apr,2017,2017-04-07
2017-04-08,21.0,27.0,19.0,8,42.0,59.0,24.0,29.82,30.03,29.68,0.0,49.0,57.0,40.0,10.0,10.0,10.0,17.0,28.0,8.0,	,Apr,2017,2017-04-08
2017-04-09,25.0,36.0,19.0,9,35.0,50.0,20.0,30.12,30.17,30.04,0.0,56.0,67.0,45.0,10.0,10.0,10.0,13.0,23.0,5.0,	,Apr,2017,2017-04-09
2017-04-10,38.0,45.0,29.0,10,38.0,46.0,29.0,30.15,30.21,30.07,0.0,64.0,74.0,53.0,10.0,10.0,10.0,13.0,19.0,6.0,	,Apr,2017,2017-04-10
2017-04-11,48.0,52.0,44.0,11,49.0,67.0,30.0,30.1,30.15,30.06,0.0,71.0,80.0,61.0,10.0,10.0,10.0,14.0,22.0,6.0,	,Apr,2017,2017-04-11
2017-04-12,50.0,57.0,35.0,12,53.0,80.0,25.0,30.14,30.25,30.08,0.02,67.0,76.0,58.0,10.0,10.0,4.0,10.0,21.0,3.0,Rain,Apr,2017,2017-04-12
2017-04-13,30.0,45.0,23.0,13,43.0,62.0,24.0,30.33,30.37,30.28,0.0,57.0,65.0,48.0,10.0,10.0,9.0,14.0,23.0,5.0,	,Apr,2017,2017-04-13
2017-04-14,28.0,33.0,23.0,14,33.0,46.0,20.0,30.37,30.42,30.33,0.0,57.0,66.0,48.0,10.0,10.0,10.0,10.0,18.0,4.0,	,Apr,2017,2017-04-14
2017-04-15,41.0,55.0,31.0,15,57.0,78.0,36.0,30.28,30.4,30.09,0.0,58.0,65.0,51.0,10.0,10.0,10.0,12.0,19.0,6.0,	,Apr,2017,2017-04-15
2017-04-16,55.0,60.0,49.0,16,60.0,90.0,29.0,29.91,30.06,29.76,,73.0,87.0,59.0,10.0,10.0,4.0,21.0,37.0,7.0,Rain,Apr,2017,2017-04-16
2017-04-17,41.0,58.0,25.0,17,46.0,73.0,19.0,29.97,30.16,29.85,,66.0,74.0,58.0,10.0,10.0,10.0,14.0,24.0,7.0,	,Apr,2017,2017-04-17
2017-04-18,34.0,40.0,27.0,18,49.0,71.0,26.0,30.36,30.52,30.17,0.0,56.0,65.0,47.0,10.0,10.0,10.0,15.0,24.0,7.0,	,Apr,2017,2017-04-18
2017-04-19,39.0,44.0,36.0,19,73.0,86.0,59.0,30.43,30.54,30.22,,50.0,54.0,45.0,10.0,10.0,10.0,16.0,23.0,6.0,Rain,Apr,2017,2017-04-19
2017-04-20,49.0,51.0,44.0,20,77.0,93.0,60.0,30.11,30.21,30.02,0.17,58.0,66.0,50.0,7.0,10.0,2.0,13.0,19.0,4.0,Rain,Apr,2017,2017-04-20
2017-04-21,48.0,50.0,47.0,21,92.0,100.0,83.0,29.98,30.07,29.89,0.29,51.0,53.0,48.0,6.0,10.0,2.0,14.0,19.0,7.0,Rain,Apr,2017,2017-04-21
2017-04-22,48.0,52.0,39.0,22,78.0,93.0,63.0,29.94,30.01,29.9,0.11,53.0,57.0,49.0,8.0,10.0,2.0,10.0,16.0,4.0,Rain,Apr,2017,2017-04-22
2017-04-23,37.0,41.0,33.0,23,51.0,71.0,31.0,30.09,30.14,30.03,0.0,56.0,66.0,46.0,10.0,10.0,10.0,12.0,17.0,5.0,	,Apr,2017,2017-04-23
2017-04-24,42.0,45.0,38.0,24,66.0,80.0,51.0,30.14,30.18,30.11,,54.0,60.0,48.0,10.0,10.0,9.0,10.0,14.0,4.0,	,Apr,2017,2017-04-24
2017-04-25,50.0,52.0,45.0,25,89.0,100.0,77.0,30.0,30.12,29.86,0.91,52.0,54.0,49.0,6.0,10.0,1.0,25.0,39.0,13.0,Rain,Apr,2017,2017-04-25
2017-04-26,55.0,58.0,52.0,26,94.0,100.0,87.0,29.79,29.87,29.76,0.34,57.0,60.0,53.0,4.0,10.0,1.0,18.0,24.0,5.0,Rain,Apr,2017,2017-04-26
2017-04-27,58.0,61.0,56.0,27,84.0,100.0,68.0,29.89,29.95,29.85,0.0,64.0,70.0,57.0,3.0,8.0,1.0,16.0,22.0,3.0,	,Apr,2017,2017-04-27
2017-04-28,55.0,61.0,41.0,28,63.0,100.0,26.0,29.95,30.04,29.86,,72.0,85.0,58.0,5.0,10.0,1.0,12.0,19.0,3.0,Rain,Apr,2017,2017-04-28
2017-04-29,60.0,65.0,53.0,29,68.0,93.0,43.0,30.0,30.12,29.94,0.06,75.0,85.0,64.0,9.0,10.0,2.0,23.0,37.0,5.0,Rain,Apr,2017,2017-04-29
2017-04-30,41.0,52.0,37.0,30,54.0,66.0,42.0,30.2,30.25,30.12,0.0,60.0,67.0,52.0,10.0,10.0,10.0,14.0,22.0,7.0,	,Apr,2017,2017-04-30
2017-05-01,53.0,60.0,46.0,1,80.0,100.0,59.0,29.92,30.14,29.65,0.0,62.0,74.0,49.0,6.0,10.0,3.0,12.0,21.0,5.0,	,May,2017,2017-05-01
2017-05-02,52.0,64.0,34.0,2,61.0,93.0,28.0,29.62,29.78,29.57,,69.0,75.0,62.0,9.0,10.0,8.0,20.0,32.0,8.0,	,May,2017,2017-05-02
2017-05-03,34.0,38.0,29.0,3,39.0,47.0,30.0,29.93,30.2,29.78,0.0,58.0,65.0,51.0,10.0,10.0,10.0,18.0,31.0,8.0,	,May,2017,2017-05-03
2017-05-04,34.0,42.0,28.0,4,49.0,71.0,27.0,30.22,30.29,30.12,0.0,56.0,64.0,47.0,10.0,10.0,10.0,13.0,22.0,5.0,	,May,2017,2017-05-04
2017-05-05,53.0,59.0,43.0,5,86.0,100.0,71.0,29.73,30.1,29.52,3.02,55.0,59.0,51.0,4.0,10.0,0.0,16.0,23.0,6.0,"Fog	,Rain",May,2017,2017-05-05
2017-05-06,55.0,59.0,45.0,6,84.0,100.0,67.0,29.43,29.54,29.37,0.18,60.0,67.0,52.0,5.0,10.0,1.0,15.0,26.0,6.0,Rain,May,2017,2017-05-06
2017-05-07,41.0,46.0,37.0,7,68.0,77.0,59.0,29.65,29.8,29.5,0.01,52.0,56.0,47.0,10.0,10.0,5.0,14.0,22.0,6.0,Rain,May,2017,2017-05-07
2017-05-08,31.0,37.0,26.0,8,54.0,76.0,32.0,29.87,29.92,29.8,0.0,51.0,57.0,44.0,10.0,10.0,10.0,15.0,26.0,6.0,	,May,2017,2017-05-08
2017-05-09,34.0,42.0,25.0,9,48.0,71.0,25.0,29.96,30.0,29.92,0.0,55.0,63.0,47.0,10.0,10.0,10.0,12.0,17.0,4.0,	,May,2017,2017-05-09
2017-05-10,38.0,43.0,36.0,10,50.0,71.0,28.0,30.02,30.08,29.99,0.0,56.0,63.0,49.0,10.0,10.0,10.0,7.0,,3.0,	,May,2017,2017-05-10
2017-05-11,37.0,42.0,34.0,11,55.0,71.0,39.0,30.02,30.07,29.98,0.0,57.0,62.0,51.0,10.0,10.0,10.0,7.0,,4.0,	,May,2017,2017-05-11
2017-05-12,43.0,45.0,40.0,12,63.0,80.0,46.0,30.05,30.1,30.02,0.0,57.0,65.0,48.0,10.0,10.0,10.0,12.0,17.0,4.0,	,May,2017,2017-05-12
2017-05-13,47.0,50.0,44.0,13,86.0,100.0,71.0,29.87,30.0,29.76,1.61,49.0,53.0,45.0,4.0,10.0,2.0,18.0,31.0,8.0,Rain,May,2017,2017-05-13
2017-05-14,44.0,50.0,40.0,14,69.0,93.0,44.0,29.67,29.75,29.57,0.02,57.0,67.0,46.0,10.0,10.0,2.0,15.0,30.0,5.0,Rain,May,2017,2017-05-14
2017-05-15,42.0,44.0,40.0,15,52.0,66.0,37.0,29.74,29.93,29.63,0.0,61.0,68.0,53.0,10.0,10.0,10.0,18.0,34.0,9.0,	,May,2017,2017-05-15
2017-05-16,45.0,46.0,43.0,16,48.0,67.0,29.0,29.98,30.02,29.93,0.0,68.0,79.0,56.0,10.0,10.0,10.0,12.0,18.0,4.0,	,May,2017,2017-05-16
2017-05-17,56.0,63.0,46.0,17,47.0,60.0,34.0,29.96,30.02,29.89,0.0,78.0,90.0,65.0,10.0,10.0,10.0,12.0,23.0,6.0,	,May,2017,2017-05-17
2017-05-18,63.0,65.0,58.0,18,51.0,69.0,32.0,29.89,29.96,29.82,0.0,84.0,92.0,75.0,10.0,10.0,10.0,14.0,23.0,6.0,	,May,2017,2017-05-18
2017-05-19,62.0,66.0,50.0,19,55.0,74.0,36.0,29.88,30.05,29.83,0.0,79.0,91.0,66.0,10.0,10.0,10.0,16.0,25.0,6.0,	,May,2017,2017-05-19
2017-05-20,44.0,51.0,40.0,20,52.0,61.0,43.0,30.25,30.34,30.06,0.01,60.0,65.0,55.0,10.0,10.0,10.0,16.0,23.0,4.0,Rain,May,2017,2017-05-20
2017-05-21,39.0,45.0,32.0,21,50.0,71.0,28.0,30.33,30.38,30.25,0.0,61.0,69.0,52.0,10.0,10.0,10.0,12.0,19.0,4.0,	,May,2017,2017-05-21
2017-05-22,57.0,60.0,44.0,22,81.0,100.0,62.0,30.06,30.23,29.95,0.59,57.0,61.0,53.0,4.0,10.0,1.0,10.0,16.0,3.0,Rain,May,2017,2017-05-22
2017-05-23,52.0,59.0,46.0,23,69.0,93.0,45.0,29.91,29.98,29.78,0.0,63.0,69.0,56.0,9.0,10.0,5.0,10.0,15.0,2.0,	,May,2017,2017-05-23
2017-05-24,51.0,55.0,47.0,24,68.0,87.0,48.0,29.77,29.83,29.73,0.04,63.0,69.0,56.0,10.0,10.0,8.0,14.0,19.0,5.0,Rain,May,2017,2017-05-24
2017-05-25,55.0,57.0,51.0,25,88.0,100.0,75.0,29.63,29.81,29.48,0.58,58.0,59.0,56.0,4.0,10.0,1.0,16.0,27.0,8.0,Rain,May,2017,2017-05-25
2017-05-26,55.0,59.0,51.0,26,71.0,93.0,49.0,29.59,29.8,29.46,0.1,65.0,73.0,56.0,9.0,10.0,2.0,16.0,25.0,5.0,Rain,May,2017,2017-05-26
2017-05-27,55.0,57.0,53.0,27,71.0,84.0,57.0,29.87,29.93,29.81,0.0,65.0,71.0,59.0,10.0,10.0,10.0,8.0,13.0,3.0,	,May,2017,2017-05-27
2017-05-28,55.0,59.0,49.0,28,78.0,100.0,56.0,29.94,29.97,29.89,0.0,65.0,71.0,58.0,8.0,10.0,3.0,12.0,20.0,4.0,	,May,2017,2017-05-28
2017-05-29,54.0,55.0,51.0,29,86.0,100.0,72.0,29.98,30.11,29.87,0.13,59.0,61.0,56.0,9.0,10.0,5.0,12.0,14.0,5.0,Rain,May,2017,2017-05-29
2017-05-30,54.0,57.0,51.0,30,90.0,100.0,80.0,30.14,30.2,30.1,0.06,58.0,60.0,55.0,8.0,10.0,2.0,12.0,17.0,3.0,Rain,May,2017,2017-05-30
2017-05-31,59.0,62.0,57.0,31,80.0,100.0,60.0,30.02,30.12,29.91,0.03,67.0,75.0,58.0,6.0,10.0,2.0,12.0,17.0,3.0,	,May,2017,2017-05-31
2017-06-01,52.0,61.0,44.0,1,63.0,93.0,32.0,29.92,29.97,29.87,,69.0,79.0,59.0,10.0,10.0,7.0,13.0,22.0,4.0,	,Jun,2017,2017-06-01
2017-06-02,42.0,47.0,32.0,2,42.0,62.0,22.0,29.95,29.99,29.88,0.01,67.0,76.0,57.0,10.0,10.0,10.0,16.0,24.0,4.0,	,Jun,2017,2017-06-02
2017-06-03,41.0,50.0,37.0,3,48.0,67.0,29.0,29.96,30.01,29.93,0.01,64.0,73.0,55.0,10.0,10.0,9.0,13.0,24.0,4.0,Rain,Jun,2017,2017-06-03
2017-06-04,48.0,57.0,39.0,4,62.0,84.0,40.0,29.95,30.03,29.83,0.09,63.0,70.0,56.0,10.0,10.0,9.0,8.0,14.0,2.0,Rain,Jun,2017,2017-06-04
2017-06-05,59.0,61.0,57.0,5,91.0,100.0,81.0,29.77,29.83,29.73,0.02,63.0,67.0,58.0,4.0,8.0,1.0,16.0,22.0,5.0,Rain,Jun,2017,2017-06-05
2017-06-06,52.0,57.0,45.0,6,89.0,100.0,77.0,29.81,29.95,29.7,0.06,55.0,58.0,52.0,8.0,10.0,2.0,13.0,19.0,7.0,Rain,Jun,2017,2017-06-06
2017-06-07,47.0,50.0,45.0,7,65.0,77.0,52.0,29.98,30.02,29.93,0.0,59.0,67.0,51.0,10.0,10.0,10.0,12.0,17.0,3.0,	,Jun,2017,2017-06-07
2017-06-08,48.0,57.0,38.0,8,63.0,83.0,42.0,29.96,30.02,29.82,0.0,62.0,69.0,55.0,10.0,10.0,10.0,9.0,15.0,4.0,	,Jun,2017,2017-06-08
2017-06-09,48.0,51.0,45.0,9,57.0,83.0,30.0,29.77,29.88,29.74,0.0,67.0,80.0,53.0,10.0,10.0,10.0,13.0,21.0,5.0,	,Jun,2017,2017-06-09
2017-06-10,54.0,58.0,50.0,10,48.0,58.0,37.0,29.96,30.02,29.89,0.0,76.0,85.0,66.0,10.0,10.0,10.0,14.0,23.0,4.0,	,Jun,2017,2017-06-10
2017-06-11,60.0,62.0,57.0,11,52.0,68.0,36.0,30.03,30.07,29.98,0.0,81.0,90.0,72.0,10.0,10.0,9.0,14.0,26.0,5.0,	,Jun,2017,2017-06-11
2017-06-12,61.0,63.0,58.0,12,49.0,64.0,34.0,29.98,30.05,29.91,0.0,85.0,93.0,76.0,10.0,10.0,10.0,12.0,18.0,4.0,	,Jun,2017,2017-06-12
2017-06-13,64.0,68.0,60.0,13,48.0,62.0,33.0,29.89,29.95,29.81,,86.0,94.0,77.0,10.0,10.0,9.0,10.0,20.0,3.0,	,Jun,2017,2017-06-13
2017-06-14,62.0,69.0,47.0,14,67.0,93.0,41.0,29.98,30.04,29.88,0.29,77.0,84.0,69.0,8.0,10.0,0.0,13.0,19.0,5.0,"Fog	,Rain",Jun,2017,2017-06-14
2017-06-15,53.0,58.0,47.0,15,60.0,78.0,41.0,30.04,30.07,30.02,0.0,70.0,76.0,64.0,10.0,10.0,10.0,12.0,19.0,4.0,	,Jun,2017,2017-06-15
2017-06-16,61.0,63.0,56.0,16,80.0,87.0,73.0,29.98,30.04,29.93,0.0,66.0,68.0,63.0,9.0,10.0,6.0,10.0,17.0,5.0,	,Jun,2017,2017-06-16
2017-06-17,67.0,70.0,63.0,17,88.0,97.0,79.0,29.95,29.98,29.91,1.39,70.0,74.0,66.0,5.0,9.0,0.0,7.0,11.0,2.0,"Fog	,Rain",Jun,2017,2017-06-17
2017-06-18,71.0,74.0,68.0,18,85.0,100.0,69.0,29.88,29.95,29.77,,78.0,85.0,70.0,6.0,10.0,2.0,10.0,21.0,4.0,	,Jun,2017,2017-06-18
2017-06-19,71.0,75.0,69.0,19,80.0,100.0,59.0,29.83,29.91,29.75,1.35,79.0,88.0,70.0,6.0,10.0,0.0,13.0,34.0,4.0,"Fog	,Rain",Jun,2017,2017-06-19
2017-06-20,62.0,70.0,51.0,20,64.0,93.0,34.0,29.89,29.95,29.83,0.03,77.0,83.0,71.0,8.0,10.0,3.0,15.0,24.0,5.0,Rain,Jun,2017,2017-06-20
2017-06-21,59.0,64.0,55.0,21,57.0,73.0,40.0,29.91,29.95,29.86,0.0,77.0,83.0,71.0,10.0,10.0,10.0,13.0,23.0,5.0,	,Jun,2017,2017-06-21
2017-06-22,61.0,69.0,55.0,22,62.0,78.0,45.0,29.96,30.03,29.9,0.0,76.0,83.0,68.0,10.0,10.0,10.0,8.0,19.0,2.0,	,Jun,2017,2017-06-22
2017-06-23,72.0,75.0,69.0,23,79.0,88.0,69.0,29.74,29.89,29.62,0.04,80.0,83.0,76.0,9.0,10.0,5.0,15.0,26.0,5.0,Rain,Jun,2017,2017-06-23
2017-06-24,66.0,73.0,53.0,24,66.0,94.0,37.0,29.68,29.9,29.57,1.29,78.0,84.0,71.0,7.0,10.0,0.0,17.0,28.0,5.0,"Fog	,Rain",Jun,2017,2017-06-24
2017-06-25,57.0,61.0,49.0,25,56.0,73.0,38.0,29.95,29.99,29.92,0.0,76.0,83.0,68.0,10.0,10.0,10.0,12.0,22.0,3.0,	,Jun,2017,2017-06-25
2017-06-26,50.0,54.0,46.0,26,48.0,63.0,33.0,30.0,30.04,29.97,0.0,72.0,79.0,64.0,10.0,10.0,10.0,12.0,19.0,3.0,	,Jun,2017,2017-06-26
2017-06-27,55.0,63.0,46.0,27,69.0,97.0,41.0,29.98,30.04,29.93,0.18,69.0,77.0,60.0,9.0,10.0,2.0,12.0,20.0,4.0,Rain,Jun,2017,2017-06-27
2017-06-28,49.0,52.0,47.0,28,50.0,67.0,32.0,30.09,30.13,30.03,0.0,70.0,78.0,61.0,10.0,10.0,10.0,15.0,22.0,5.0,	,Jun,2017,2017-06-28
2017-06-29,60.0,66.0,51.0,29,59.0,68.0,49.0,30.09,30.16,30.02,0.0,75.0,82.0,68.0,10.0,10.0,10.0,12.0,22.0,5.0,	,Jun,2017,2017-06-29
2017-06-30,66.0,70.0,60.0,30,61.0,69.0,53.0,29.97,30.03,29.88,,81.0,88.0,73.0,10.0,10.0,10.0,13.0,24.0,6.0,	,Jun,2017,2017-06-30
2017-07-01,71.0,76.0,67.0,1,79.0,93.0,65.0,29.93,30.0,29.85,0.23,78.0,85.0,71.0,9.0,10.0,1.0,14.0,24.0,4.0,Rain,Jul,2017,2017-07-01
2017-07-02,66.0,71.0,61.0,2,72.0,100.0,43.0,29.95,29.99,29.91,0.0,80.0,87.0,72.0,9.0,10.0,5.0,12.0,19.0,5.0,	,Jul,2017,2017-07-02
2017-07-03,64.0,71.0,58.0,3,60.0,79.0,40.0,29.98,30.02,29.94,0.45,80.0,88.0,71.0,8.0,10.0,0.0,16.0,27.0,2.0,"Fog	,Rain",Jul,2017,2017-07-03
2017-07-04,59.0,67.0,55.0,4,63.0,84.0,42.0,30.06,30.14,30.0,0.0,78.0,85.0,70.0,10.0,10.0,5.0,8.0,11.0,3.0,	,Jul,2017,2017-07-04
2017-07-05,58.0,63.0,52.0,5,52.0,64.0,40.0,30.17,30.21,30.11,0.0,78.0,85.0,70.0,10.0,10.0,7.0,12.0,19.0,5.0,	,Jul,2017,2017-07-05
2017-07-06,61.0,65.0,54.0,6,60.0,73.0,46.0,30.09,30.17,29.97,,74.0,77.0,71.0,10.0,10.0,10.0,10.0,14.0,4.0,	,Jul,2017,2017-07-06
2017-07-07,68.0,71.0,65.0,7,82.0,97.0,67.0,29.8,29.96,29.72,1.78,74.0,80.0,68.0,6.0,10.0,0.0,14.0,22.0,5.0,"Fog	,Rain",Jul,2017,2017-07-07
2017-07-08,66.0,70.0,60.0,8,76.0,97.0,54.0,29.77,29.87,29.73,0.0,77.0,84.0,69.0,9.0,10.0,4.0,16.0,23.0,3.0,	,Jul,2017,2017-07-08
2017-07-09,54.0,60.0,50.0,9,50.0,64.0,36.0,29.99,30.06,29.88,0.0,74.0,81.0,67.0,10.0,10.0,10.0,12.0,17.0,4.0,	,Jul,2017,2017-07-09
2017-07-10,60.0,67.0,52.0,10,56.0,69.0,43.0,30.02,30.08,29.95,0.0,76.0,84.0,68.0,10.0,10.0,2.0,10.0,20.0,3.0,	,Jul,2017,2017-07-10
2017-07-11,69.0,70.0,67.0,11,71.0,82.0,59.0,29.94,29.96,29.91,0.0,80.0,85.0,75.0,10.0,10.0,9.0,13.0,22.0,3.0,	,Jul,2017,2017-07-11
2017-07-12,70.0,71.0,69.0,12,67.0,79.0,55.0,29.97,30.01,29.92,0.0,83.0,88.0,77.0,10.0,10.0,10.0,16.0,25.0,5.0,	,Jul,2017,2017-07-12
2017-07-13,70.0,73.0,68.0,13,65.0,74.0,55.0,29.99,30.05,29.94,0.0,85.0,90.0,79.0,10.0,10.0,9.0,14.0,22.0,5.0,Rain,Jul,2017,2017-07-13
2017-07-14,66.0,70.0,63.0,14,88.0,97.0,79.0,30.05,30.13,29.96,0.35,69.0,73.0,65.0,5.0,10.0,1.0,13.0,17.0,5.0,Rain,Jul,2017,2017-07-14
2017-07-15,66.0,69.0,59.0,15,74.0,97.0,51.0,29.95,29.99,29.88,0.0,76.0,84.0,68.0,6.0,10.0,2.0,12.0,17.0,3.0,	,Jul,2017,2017-07-15
2017-07-16,63.0,65.0,61.0,16,61.0,78.0,44.0,29.95,30.0,29.93,0.0,78.0,87.0,68.0,10.0,10.0,10.0,9.0,16.0,3.0,	,Jul,2017,2017-07-16
2017-07-17,69.0,72.0,65.0,17,69.0,82.0,55.0,30.04,30.1,30.0,0.0,79.0,85.0,73.0,10.0,10.0,10.0,12.0,21.0,3.0,	,Jul,2017,2017-07-17
2017-07-18,69.0,71.0,67.0,18,70.0,87.0,53.0,30.07,30.11,30.04,0.0,81.0,88.0,73.0,10.0,10.0,10.0,10.0,18.0,3.0,	,Jul,2017,2017-07-18
2017-07-19,68.0,72.0,58.0,19,58.0,82.0,34.0,30.01,30.06,29.96,0.0,85.0,92.0,77.0,10.0,10.0,9.0,12.0,16.0,3.0,	,Jul,2017,2017-07-19
2017-07-20,68.0,72.0,62.0,20,58.0,74.0,41.0,29.93,29.99,29.86,0.01,86.0,94.0,77.0,9.0,10.0,4.0,12.0,17.0,3.0,Rain,Jul,2017,2017-07-20
2017-07-21,67.0,69.0,63.0,21,59.0,76.0,41.0,29.88,29.93,29.85,0.0,84.0,92.0,76.0,10.0,10.0,10.0,10.0,18.0,4.0,	,Jul,2017,2017-07-21
2017-07-22,66.0,72.0,57.0,22,56.0,79.0,32.0,29.83,29.89,29.75,0.57,82.0,92.0,71.0,9.0,10.0,2.0,8.0,13.0,2.0,Rain,Jul,2017,2017-07-22
2017-07-23,70.0,72.0,66.0,23,87.0,100.0,74.0,29.81,29.89,29.73,0.06,75.0,79.0,71.0,5.0,10.0,0.0,10.0,17.0,3.0,"Fog	,Rain",Jul,2017,2017-07-23
2017-07-24,63.0,68.0,58.0,24,84.0,97.0,70.0,29.83,29.96,29.75,0.74,68.0,73.0,63.0,6.0,10.0,0.0,15.0,23.0,7.0,"Fog	,Rain",Jul,2017,2017-07-24
2017-07-25,59.0,61.0,57.0,25,79.0,90.0,68.0,30.1,30.22,29.97,0.0,67.0,71.0,62.0,10.0,10.0,9.0,10.0,14.0,5.0,	,Jul,2017,2017-07-25
2017-07-26,56.0,60.0,53.0,26,64.0,78.0,49.0,30.21,30.26,30.14,0.0,71.0,77.0,65.0,10.0,10.0,10.0,9.0,17.0,4.0,	,Jul,2017,2017-07-26
2017-07-27,66.0,70.0,57.0,27,78.0,87.0,68.0,29.98,30.12,29.87,,72.0,78.0,65.0,10.0,10.0,9.0,9.0,17.0,2.0,Rain,Jul,2017,2017-07-27
2017-07-28,68.0,70.0,60.0,28,72.0,93.0,51.0,29.84,29.89,29.78,0.0,78.0,85.0,71.0,8.0,10.0,5.0,12.0,17.0,3.0,	,Jul,2017,2017-07-28
2017-07-29,54.0,59.0,49.0,29,53.0,61.0,44.0,29.81,29.9,29.76,0.0,72.0,77.0,67.0,10.0,10.0,10.0,17.0,25.0,9.0,	,Jul,2017,2017-07-29
2017-07-30,51.0,56.0,49.0,30,48.0,63.0,33.0,29.99,30.07,29.9,0.0,73.0,82.0,64.0,10.0,10.0,10.0,12.0,16.0,4.0,	,Jul,2017,2017-07-30
2017-07-31,58.0,62.0,53.0,31,53.0,68.0,36.0,30.04,30.08,30.0,0.0,77.0,88.0,66.0,10.0,10.0,10.0,9.0,14.0,2.0,	,Jul,2017,2017-07-31
2017-08-01,62.0,65.0,57.0,1,51.0,69.0,32.0,30.02,30.06,29.99,0.0,82.0,92.0,71.0,10.0,10.0,10.0,8.0,14.0,3.0,	,Aug,2017,2017-08-01
2017-08-02,68.0,72.0,65.0,2,71.0,90.0,51.0,30.06,30.13,30.02,0.09,78.0,86.0,69.0,8.0,10.0,1.0,12.0,19.0,2.0,Rain,Aug,2017,2017-08-02
2017-08-03,66.0,69.0,64.0,3,69.0,90.0,48.0,30.1,30.16,30.05,0.0,78.0,87.0,68.0,8.0,10.0,4.0,9.0,19.0,2.0,	,Aug,2017,2017-08-03
2017-08-04,69.0,73.0,60.0,4,74.0,100.0,47.0,30.02,30.09,29.93,0.15,77.0,84.0,69.0,8.0,10.0,1.0,13.0,22.0,4.0,Rain,Aug,2017,2017-08-04
2017-08-05,67.0,73.0,52.0,5,70.0,93.0,46.0,29.9,29.99,29.83,0.3,74.0,78.0,69.0,8.0,10.0,2.0,14.0,22.0,5.0,Rain,Aug,2017,2017-08-05
2017-08-06,53.0,56.0,50.0,6,54.0,67.0,41.0,30.08,30.12,29.99,0.0,70.0,76.0,64.0,10.0,10.0,10.0,10.0,16.0,4.0,	,Aug,2017,2017-08-06
2017-08-07,63.0,66.0,54.0,7,79.0,100.0,57.0,30.05,30.13,29.91,0.76,68.0,71.0,64.0,4.0,10.0,1.0,9.0,18.0,3.0,Rain,Aug,2017,2017-08-07
2017-08-08,62.0,65.0,55.0,8,74.0,100.0,47.0,29.96,30.09,29.88,0.0,72.0,78.0,65.0,8.0,10.0,2.0,9.0,15.0,3.0,	,Aug,2017,2017-08-08
2017-08-09,57.0,60.0,54.0,9,59.0,78.0,40.0,30.18,30.23,30.1,0.0,75.0,85.0,64.0,10.0,10.0,10.0,8.0,14.0,1.0,	,Aug,2017,2017-08-09
2017-08-10,60.0,62.0,56.0,10,62.0,78.0,46.0,30.21,30.25,30.17,0.0,76.0,83.0,68.0,10.0,10.0,8.0,9.0,16.0,2.0,	,Aug,2017,2017-08-10
2017-08-11,60.0,65.0,55.0,11,59.0,73.0,45.0,30.11,30.18,30.01,,76.0,82.0,69.0,10.0,10.0,9.0,12.0,18.0,3.0,	,Aug,2017,2017-08-11
2017-08-12,67.0,71.0,61.0,12,87.0,100.0,74.0,29.94,30.02,29.87,0.11,71.0,77.0,64.0,9.0,10.0,4.0,9.0,16.0,3.0,Rain,Aug,2017,2017-08-12
2017-08-13,64.0,70.0,57.0,13,68.0,93.0,43.0,29.92,30.02,29.85,0.0,77.0,83.0,71.0,10.0,10.0,8.0,10.0,17.0,4.0,	,Aug,2017,2017-08-13
2017-08-14,63.0,67.0,60.0,14,67.0,79.0,54.0,30.0,30.04,29.95,0.0,75.0,80.0,70.0,10.0,10.0,9.0,9.0,13.0,2.0,	,Aug,2017,2017-08-14
2017-08-15,69.0,72.0,64.0,15,87.0,100.0,73.0,29.94,29.98,29.9,0.45,71.0,74.0,68.0,4.0,10.0,1.0,8.0,13.0,1.0,Rain,Aug,2017,2017-08-15
2017-08-16,65.0,70.0,60.0,16,71.0,97.0,44.0,29.96,30.02,29.91,0.0,79.0,87.0,70.0,7.0,10.0,2.0,10.0,15.0,2.0,	,Aug,2017,2017-08-16
2017-08-17,61.0,71.0,54.0,17,67.0,87.0,47.0,30.02,30.08,29.97,0.0,76.0,83.0,69.0,10.0,10.0,7.0,10.0,16.0,3.0,	,Aug,2017,2017-08-17
2017-08-18,73.0,77.0,68.0,18,88.0,97.0,79.0,29.87,29.98,29.77,0.88,78.0,82.0,73.0,5.0,10.0,0.0,10.0,19.0,3.0,"Fog	,Rain",Aug,2017,2017-08-18
2017-08-19,68.0,72.0,62.0,19,71.0,93.0,48.0,29.83,29.89,29.78,0.0,80.0,86.0,73.0,9.0,10.0,5.0,12.0,17.0,3.0,	,Aug,2017,2017-08-19
2017-08-20,60.0,65.0,57.0,20,59.0,73.0,45.0,30.04,30.16,29.89,0.0,75.0,81.0,69.0,10.0,10.0,10.0,10.0,18.0,5.0,	,Aug,2017,2017-08-20
2017-08-21,64.0,70.0,60.0,21,60.0,76.0,44.0,30.15,30.2,30.09,0.0,79.0,87.0,71.0,10.0,10.0,9.0,12.0,19.0,3.0,	,Aug,2017,2017-08-21
2017-08-22,72.0,74.0,70.0,22,75.0,93.0,57.0,29.95,30.08,29.75,0.3,81.0,89.0,72.0,8.0,10.0,3.0,14.0,25.0,5.0,Rain,Aug,2017,2017-08-22
2017-08-23,62.0,72.0,51.0,23,66.0,93.0,39.0,29.82,29.88,29.75,,76.0,81.0,70.0,8.0,10.0,2.0,10.0,20.0,4.0,Rain,Aug,2017,2017-08-23
2017-08-24,52.0,57.0,46.0,24,50.0,68.0,32.0,29.93,29.99,29.88,0.0,73.0,80.0,65.0,10.0,10.0,10.0,10.0,15.0,3.0,	,Aug,2017,2017-08-24
2017-08-25,54.0,58.0,51.0,25,60.0,78.0,42.0,30.1,30.19,29.99,0.0,71.0,78.0,63.0,10.0,10.0,10.0,9.0,15.0,2.0,	,Aug,2017,2017-08-25
2017-08-26,48.0,55.0,43.0,26,51.0,72.0,29.0,30.24,30.28,30.21,0.0,70.0,78.0,62.0,10.0,10.0,10.0,9.0,14.0,4.0,	,Aug,2017,2017-08-26
2017-08-27,50.0,55.0,42.0,27,48.0,67.0,29.0,30.26,30.28,30.22,0.0,71.0,78.0,63.0,10.0,10.0,10.0,13.0,17.0,4.0,	,Aug,2017,2017-08-27
2017-08-28,53.0,58.0,48.0,28,58.0,78.0,38.0,30.28,30.31,30.24,0.0,70.0,76.0,63.0,10.0,10.0,2.0,16.0,22.0,6.0,	,Aug,2017,2017-08-28
2017-08-29,59.0,62.0,55.0,29,78.0,87.0,68.0,30.15,30.26,30.01,0.1,66.0,68.0,64.0,9.0,10.0,4.0,15.0,21.0,8.0,Rain,Aug,2017,2017-08-29
2017-08-30,55.0,59.0,50.0,30,69.0,97.0,41.0,29.95,30.02,29.92,0.01,69.0,78.0,60.0,10.0,10.0,5.0,13.0,18.0,5.0,Rain,Aug,2017,2017-08-30
2017-08-31,56.0,61.0,48.0,31,61.0,78.0,44.0,29.93,30.0,29.88,0.0,73.0,81.0,64.0,10.0,10.0,9.0,14.0,23.0,4.0,	,Aug,2017,2017-08-31
2017-09-01,40.0,47.0,33.0,1,43.0,60.0,26.0,30.1,30.18,30.02,0.0,63.0,71.0,55.0,10.0,10.0,10.0,10.0,19.0,5.0,	,Sep,2017,2017-09-01
2017-09-02,50.0,57.0,40.0,2,72.0,100.0,43.0,30.18,30.25,30.09,0.53,61.0,68.0,54.0,7.0,10.0,2.0,10.0,17.0,6.0,Rain,Sep,2017,2017-09-02
2017-09-03,60.0,63.0,57.0,3,84.0,100.0,68.0,29.94,30.12,29.85,0.74,64.0,69.0,59.0,6.0,10.0,0.0,12.0,19.0,6.0,"Fog	,Rain",Sep,2017,2017-09-03
2017-09-04,57.0,60.0,55.0,4,65.0,84.0,45.0,29.92,29.99,29.86,0.0,71.0,80.0,61.0,10.0,10.0,10.0,12.0,22.0,5.0,	,Sep,2017,2017-09-04
2017-09-05,65.0,69.0,60.0,5,70.0,84.0,55.0,29.79,29.84,29.72,,77.0,85.0,69.0,9.0,10.0,8.0,15.0,25.0,3.0,	,Sep,2017,2017-09-05
2017-09-06,62.0,67.0,58.0,6,81.0,93.0,68.0,29.89,29.93,29.81,0.42,67.0,72.0,61.0,6.0,10.0,1.0,14.0,22.0,4.0,Rain,Sep,2017,2017-09-06
2017-09-07,56.0,61.0,49.0,7,76.0,100.0,51.0,29.89,30.02,29.82,0.01,65.0,71.0,59.0,8.0,10.0,2.0,14.0,26.0,5.0,Rain,Sep,2017,2017-09-07
2017-09-08,50.0,52.0,48.0,8,61.0,75.0,47.0,30.1,30.19,30.03,0.0,65.0,71.0,58.0,10.0,10.0,10.0,13.0,22.0,4.0,	,Sep,2017,2017-09-08
2017-09-09,48.0,50.0,46.0,9,61.0,77.0,44.0,30.25,30.3,30.19,0.0,63.0,70.0,55.0,10.0,10.0,10.0,12.0,18.0,4.0,	,Sep,2017,2017-09-09
2017-09-10,49.0,52.0,44.0,10,61.0,80.0,42.0,30.34,30.37,30.3,0.0,65.0,72.0,57.0,10.0,10.0,10.0,15.0,21.0,6.0,	,Sep,2017,2017-09-10
2017-09-11,48.0,51.0,44.0,11,58.0,83.0,33.0,30.25,30.36,30.13,0.0,66.0,76.0,55.0,10.0,10.0,10.0,9.0,12.0,2.0,	,Sep,2017,2017-09-11
2017-09-12,55.0,59.0,52.0,12,62.0,84.0,39.0,30.01,30.12,29.92,0.0,69.0,78.0,59.0,10.0,10.0,10.0,8.0,15.0,1.0,	,Sep,2017,2017-09-12
2017-09-13,63.0,69.0,56.0,13,69.0,93.0,45.0,29.9,29.94,29.87,0.06,74.0,83.0,64.0,9.0,10.0,1.0,9.0,17.0,2.0,Rain,Sep,2017,2017-09-13
2017-09-14,67.0,70.0,63.0,14,78.0,97.0,58.0,29.88,29.94,29.84,0.02,76.0,81.0,70.0,9.0,10.0,6.0,10.0,18.0,2.0,	,Sep,2017,2017-09-14
2017-09-15,64.0,68.0,62.0,15,74.0,87.0,60.0,30.03,30.09,29.95,0.0,74.0,81.0,67.0,10.0,10.0,8.0,8.0,12.0,2.0,	,Sep,2017,2017-09-15
2017-09-16,68.0,69.0,67.0,16,78.0,97.0,58.0,30.14,30.19,30.09,0.0,76.0,82.0,70.0,5.0,10.0,1.0,9.0,14.0,3.0,	,Sep,2017,2017-09-16
2017-09-17,66.0,68.0,63.0,17,76.0,97.0,54.0,30.15,30.2,30.1,0.0,75.0,81.0,68.0,5.0,10.0,2.0,8.0,13.0,3.0,	,Sep,2017,2017-09-17
2017-09-18,66.0,67.0,64.0,18,85.0,90.0,79.0,30.12,30.16,30.08,0.0,71.0,73.0,68.0,9.0,10.0,2.0,13.0,18.0,7.0,	,Sep,2017,2017-09-18
2017-09-19,65.0,68.0,62.0,19,74.0,90.0,58.0,29.96,30.07,29.86,0.22,74.0,78.0,69.0,9.0,10.0,2.0,21.0,29.0,10.0,Rain,Sep,2017,2017-09-19
2017-09-20,64.0,65.0,63.0,20,70.0,79.0,60.0,29.88,29.94,29.81,0.0,75.0,79.0,71.0,10.0,10.0,10.0,15.0,25.0,6.0,	,Sep,2017,2017-09-20
2017-09-21,63.0,64.0,60.0,21,65.0,79.0,51.0,29.99,30.02,29.94,0.0,76.0,80.0,71.0,10.0,10.0,10.0,13.0,20.0,6.0,	,Sep,2017,2017-09-21
2017-09-22,52.0,59.0,48.0,22,47.0,61.0,41.0,29.99,30.02,29.94,0.0,74.0,82.0,66.0,10.0,10.0,10.0,10.0,23.0,7.0,	,Sep,2017,2017-09-22
